2026-01-12T14:16:45.9338321,"Kuyper Creme de Cacao Dark 750ml"
2026-01-12T14:16:45.9338321,"Kuyper Creme de Cacao Dark 750ml"
2026-01-12T14:16:45.9338321,"Martell Cognac EMPTY Bottle 70cl"
2026-01-12T14:16:45.9338321,"Martell Cognac EMPTY Bottle 70cl"
2026-01-12T14:16:45.9338321,"Contreau Orange Liqueur 70cl"
2026-01-12T17:58:42.4743085,"Kuyper Creme de Cacao Dark 750ml"
2026-01-12T17:58:42.4743085,"Kuyper Creme de Cacao Dark 750ml"
2026-01-12T17:58:42.4743085,"De Kuper Creme de Menth 50cl"
2026-01-12T17:58:42.4743085,"De Kuper Creme de Menth 50cl"
2026-01-12T17:58:42.4743085,"Kraken Black Spiced Coffee Rum 70cl"
